parcel_id,parcel_label,ArchiEmotional_emotional_expr_gt_control.nii,ArchiEmotional_emotional_face_gt_control.nii,ArchiStandard_audio_gt_baseline.nii,ArchiStandard_checkerboard_gt_baseline.nii,PreferenceFaces_face_gt_baseline.nii,RSVPLanguage_language_gt_baseline.nii,RSVPLanguage_sentence_complex_vs_pseudo.nii,RSVPLanguage_sentence_gt_word.nii
1,7Networks_LH_Vis_1,0.02097209476346177,0.04532031725967249,0.0386261578701585,0.019794943920029597,0.2696031722381311,-0.023991118382622044,0.013982439335072323,0.2400285918583333
2,7Networks_LH_Vis_2,0.06289681444475696,-0.0429998754610977,-0.08359866174257566,-0.021421482390341102,0.01772521448308641,-0.08049143615837097,-0.06958904930001361,0.17578205291189
3,7Networks_LH_Vis_3,-0.009062190724628286,0.0026035172342309485,-0.04226585500320145,0.07932656133553329,0.09555900358431124,-0.004533714347662148,0.013715466020980085,0.07531756428313897
4,7Networks_LH_Vis_4,-0.006748759398745226,0.09022809323412416,0.0379037160775376,0.05396837889026207,0.09441175721305262,0.14547693241126478,0.17423804771767726,0.18768028195312958
5,7Networks_LH_Vis_5,-0.0024561936957667573,0.00331597203257108,-0.0231981179247742,-0.02757656821969901,0.0,0.0,0.0,0.0
7,7Networks_LH_Vis_7,-0.06257723425928677,-0.046805062664491755,-0.03340067271369166,0.02980152048350019,-0.023162361442347314,-0.03730873160133358,0.011626195198120184,-0.005871401962724527
8,7Networks_LH_Vis_8,0.0,0.0,-0.0036254237424383786,-0.0019207589124163537,0.0,0.0,0.0,0.0
10,7Networks_LH_Vis_10,0.06566117361913097,-0.020190134953026986,0.0013559460016428825,-0.01896049077828031,0.1455378184504461,0.05843149916605517,-0.00034109908060585915,0.006439383133947446
11,7Networks_LH_Vis_11,-0.004413436323699385,-0.004817584031584239,0.02406066013868935,0.04193584919021935,-0.0016322407391991946,0.0004067820615577742,-0.0009227544806971409,-0.01227484127082447
13,7Networks_LH_Vis_13,0.02726111162945137,-0.08064453788067559,-0.040511760326791484,-0.09485927046764464,0.00746578568288943,-0.01760432792609155,-0.00899742200677266,-0.10750488604627031
16,7Networks_LH_Vis_16,0.13830906547664198,-0.02259215458664888,-0.04438691189667831,-0.01686188443836727,0.05180096649067612,-0.11947263037824693,-0.18952898854950034,-0.002304510512719086
17,7Networks_LH_Vis_17,0.0,0.0,0.0,0.0,0.0,0.0,0.0,0.0
20,7Networks_LH_Vis_20,-0.03513250082485481,0.038643601574424084,-0.2591901189928952,-0.1320872507421882,-0.045525695986321404,-0.14198741470681853,-0.01363358929585148,-0.04479750544447193
21,7Networks_LH_Vis_21,-0.003384807812316077,0.007794015322412764,-0.028835378810929665,0.033667478712907595,0.017307027855089734,-0.005570364424160548,-0.0059218001019741805,-0.006272655000377978
22,7Networks_LH_Vis_22,0.034501583088551106,0.0720642243087168,-0.0766365375771192,0.03203475256799522,0.17677547414731584,-0.04263221038254755,-0.06958855155639643,0.053891893018519405
23,7Networks_LH_Vis_23,0.0,0.0,0.0,0.0,0.0,0.0,0.0,0.0
25,7Networks_LH_Vis_25,0.0,0.0,-0.014381809017827941,0.04451106028217408,0.0,0.0,0.0,0.0
26,7Networks_LH_Vis_26,0.0,0.0,-0.02132497898600169,0.00994797934437927,0.0024187950856042802,-0.000653692225547374,-0.00039891763860455144,0.0009957825567942023
27,7Networks_LH_Vis_27,0.0,0.0,0.0,0.0,0.0,0.0,0.0,0.0
28,7Networks_LH_Vis_28,0.0,0.0,0.0,0.0,0.0,0.0,0.0,0.0
30,7Networks_LH_Vis_30,0.0,0.0,0.0,0.0,0.0,0.0,0.0,0.0
31,7Networks_LH_Vis_31,0.0,0.0,0.0,0.0,0.0,0.0,0.0,0.0
32,7Networks_LH_SomMot_1,0.0008099716039436095,-0.14470400349238266,0.0064220544206238924,0.056933844214545816,-0.2146951682998435,0.03168250781380454,0.12887078851748163,0.12549132659083098
33,7Networks_LH_SomMot_2,0.05229355620414998,-0.08853168227779579,0.03218589965183818,0.10670802630150414,-0.14273463946226222,-0.005895661517193918,0.0481549652856333,-0.030838902939825042
34,7Networks_LH_SomMot_3,-0.009798384766728096,-0.12109856210141019,0.12503769800333772,0.04052817140392877,-0.12780008125811632,-0.061839666613954895,0.012202931639864096,0.00932989892685791
35,7Networks_LH_SomMot_4,0.028607940649518472,0.00968994025509136,0.08232290400025834,0.11037056024291642,-0.0018956346118681436,-0.03428225271646886,0.0046762689110179095,0.022118455582139013
36,7Networks_LH_SomMot_5,-0.03456182509189707,0.04442778900245622,0.03989096572619311,0.06698842938432749,-0.17276635485776196,-0.13953498209219148,-0.027543985045611345,0.08041266285782231
37,7Networks_LH_SomMot_6,0.011600808970074782,-0.006570989543731873,-0.06884923209888145,-0.012313610889180007,0.004855824878069922,0.004501981951516389,-0.006239681325213651,0.010905554981800071
38,7Networks_LH_SomMot_7,0.12789710726698317,0.0019383109686116856,0.016069963870075178,0.15366314754263152,-0.39497161541572745,-0.11512036020058951,-0.0900921478013169,0.12149162592305938
39,7Networks_LH_SomMot_8,0.042825463272859916,0.016797764736723987,0.07070408583079514,0.0771292732910584,-0.09406059177616906,0.0826589336912883,0.1124309121921103,0.02214377063230546
40,7Networks_LH_SomMot_9,0.09232038050397949,-0.13155785536751555,0.33362495018749166,0.10390219445722529,-0.14842516434211986,-0.17351224036988327,-0.08022337460424751,0.13819010343385052
41,7Networks_LH_SomMot_10,-0.051328539235881813,-0.03636442443913169,0.19321811560196242,0.050373706324727374,-0.0756057366722998,-0.05665092311431239,0.011189644987064396,-0.050754140431975354
42,7Networks_LH_SomMot_11,-0.05182669913770555,-0.032641243543038996,-0.013023562556100902,-0.10218226461550162,0.023848971459212335,-0.0488333159865045,0.04542236634269992,-0.0022545992386843097
43,7Networks_LH_SomMot_12,0.14649760341897933,-0.04350536736524329,0.1409496812194861,-0.04354150564723761,-0.02015691679923541,-0.04033706767844375,-0.13528974826648746,0.026305408003232018
44,7Networks_LH_SomMot_13,0.02176579417027458,-0.01013912123270048,0.015718550126628587,-0.30015706999922614,0.04543492558995033,-0.02552547832759813,-0.04906354904534591,0.04358828740880283
45,7Networks_LH_SomMot_14,0.001074796790877978,-0.03804558165071682,0.04662485401274572,-0.16450579251756828,0.12340350595955876,-0.09982655285054753,-0.1207664963211222,0.0878645273310871
46,7Networks_LH_SomMot_15,-0.05694225975386544,-0.02103311906845557,0.07405746751935603,-0.2241701246564094,0.06927975618565807,-0.0073930677493232256,0.03498150825559889,0.025651353634130167
47,7Networks_LH_SomMot_16,-0.03826552916589365,-0.07237130581556733,0.03189740769860854,-0.06678015692681047,0.276293615939101,-0.024649810488445136,-0.0946686305728138,-0.3070538074095771
48,7Networks_LH_SomMot_17,-0.016973366157389154,0.008542216366942168,0.09675564843243645,-0.103602744095791,0.24704464711163276,-0.023426906319846418,0.09801351191708818,-0.07887901298989378
49,7Networks_LH_SomMot_18,0.05206462536762292,-0.06068302147173814,-0.024604530587896228,0.019598474156747044,-0.06776189385296626,-0.12451540185177913,-0.07853226183301681,-0.01104025030217599
50,7Networks_LH_SomMot_19,0.08108154640655678,-0.1893296511641881,-0.014237716452371154,-0.14209013179057886,0.1904521979699689,-0.08819512133257228,-0.1363573918972619,-0.10929186890256737
51,7Networks_LH_SomMot_20,0.021090025115559147,-0.03350061996869983,0.006596092417596317,-0.19056479378430655,0.06300340551928046,-0.04330541086458271,-0.02194026931923168,0.08879639624032162
52,7Networks_LH_SomMot_21,0.0,0.0,0.0034761242753763616,-0.06261751768250223,0.0,0.0,0.0,0.0
53,7Networks_LH_SomMot_22,0.05662196078160488,-0.06705343380456011,-0.0012861156512283846,-0.18325961074972313,0.09853394337926563,-0.14779173297917142,-0.11618940413294676,0.060510323270124136
54,7Networks_LH_SomMot_23,0.04560341903878314,0.05491981078666431,0.03878390164750449,0.05758057038059217,-0.00898297074427073,-0.1412468341965083,-0.21504379642914767,0.1957957250375144
55,7Networks_LH_SomMot_24,0.07266607924494929,0.009079336171167952,-0.03874040009955374,0.01980195667216264,-0.060951273533363166,-0.26315684889814506,-0.1975945996848914,0.19398554279289854
56,7Networks_LH_SomMot_25,0.043488955437068294,-0.04858555392547714,0.025878013070016297,0.0029894104896407547,0.006591212418344285,0.0595789789998283,0.058102108303299045,-0.04940002794885206
57,7Networks_LH_SomMot_26,0.009717006456624001,-0.02196241072974666,-0.01900503849155093,-0.20079125882927987,-0.007693025104831471,-0.002848926869802206,-0.03263686517768588,0.03153146405090883
58,7Networks_LH_SomMot_27,0.0,0.0,-0.02769236733158461,-0.07964794583285932,0.0,0.0,0.0,0.0
59,7Networks_LH_SomMot_28,0.009119931452685574,-0.026413623058264293,-0.003071348493564139,0.005545325590438157,0.0498588517129319,-0.0033842912275267455,-0.02624150289911106,0.023909858328898918
60,7Networks_LH_SomMot_29,0.0,0.0,-0.06290708130853641,-0.09731917932209211,-0.004372923747177608,0.0,0.0,0.0
61,7Networks_LH_SomMot_30,0.05893333137340552,-0.02791947810573364,-0.01438228426307764,-0.030607433550638607,0.016489036638011163,-0.11473166163348175,-0.10808451881601745,0.08454677653357509
62,7Networks_LH_SomMot_31,0.0958276505165219,-0.03157999195358749,0.0025688777726560414,-0.18148130948542962,-0.15515958187593656,0.02936579665442655,-0.0540056261527059,0.08065793264357672
63,7Networks_LH_SomMot_32,0.0,0.0,-0.009748924629167023,-0.024890518751040643,0.0,0.0,0.0,0.0
64,7Networks_LH_SomMot_33,-0.007734324283708332,0.007701200380221505,-0.020599970921765604,-0.0032090807954166557,-0.024496993826385115,-0.07124862705089458,-0.04874103715727124,0.05434433031105482
65,7Networks_LH_SomMot_34,0.04667324096825981,-0.0888474484306839,0.02078862177512945,-0.10510373542920295,0.0011042735087366756,-0.08898336906554875,-0.21208375313771277,0.07740681391840358
66,7Networks_LH_SomMot_35,0.01372438544204918,-0.00882713095499919,0.006106048387621062,-0.0637855016495489,-0.03865437670913463,-0.027249243970100697,-0.030215507684478077,-0.011797210226324573
67,7Networks_LH_SomMot_36,0.0,0.0,-0.013851568947300084,-0.027655508026596488,0.0,0.0,0.0,0.0
68,7Networks_LH_SomMot_37,0.0,0.0,-0.01769318708425595,0.0029857856118016774,0.0,0.0,0.0,0.0
69,7Networks_LH_DorsAttn_Post_1,0.004371552055736429,0.0012621382650131552,-0.014825472003556179,-0.032024142716398564,0.09588107470832069,0.010567637465058644,0.0015239366140827498,0.03384275488701222
70,7Networks_LH_DorsAttn_Post_2,0.0,0.0,-0.011338124925824377,0.00020390149276487907,0.0,-0.0005917979871655805,-0.0006038660744073308,-0.0007258375854982999
71,7Networks_LH_DorsAttn_Post_3,0.0,0.0,0.0,0.0,0.0,0.0,0.0,0.0
72,7Networks_LH_DorsAttn_Post_4,0.0,0.0,-0.0011586540464334693,-0.002200767151051504,0.0,0.0,0.0,0.0
73,7Networks_LH_DorsAttn_Post_5,0.0,0.0,-0.015046181355857472,-0.0075264600220798835,0.0,0.0,0.0,0.0
74,7Networks_LH_DorsAttn_Post_6,-0.00093625873248204,0.009043720854688386,0.010591246966774074,-0.0851737387257255,0.004811163281463581,-0.020446901138012227,0.003288362066530739,0.027704764449035142
75,7Networks_LH_DorsAttn_Post_7,0.0,0.0,-0.011326797119128044,-0.018043081181006483,0.0,0.0,0.0,0.0
76,7Networks_LH_DorsAttn_Post_8,-0.08726727545870401,-0.041533889077433765,0.0189388180853534,-0.2483494711057095,0.0321228240583005,-0.05037097177703542,0.026952910856413013,-0.019268519754806777
77,7Networks_LH_DorsAttn_Post_9,0.0013664136790940838,0.014022642778112522,-0.10858596764453743,-0.11979095802882746,-0.010840387732511567,0.0035816238269269947,0.038134808862401594,0.05418579513357291
78,7Networks_LH_DorsAttn_Post_10,0.0,0.0,-0.09180558057240218,-0.06282526216794898,0.0,0.0,0.0,0.0
79,7Networks_LH_DorsAttn_Post_11,-0.009861792422776674,0.012156536695241494,-0.07718604296359756,-0.23213938221228766,-0.02351266800351169,-0.028656886646993132,0.01205051779563464,0.028661048260388258
80,7Networks_LH_DorsAttn_Post_12,0.0,0.0,-0.015400168631156121,-0.03205690575810052,0.0,0.0,0.0,0.0
81,7Networks_LH_DorsAttn_Post_13,0.0,0.0,0.0,0.0,0.0,0.0,0.0,0.0
82,7Networks_LH_DorsAttn_Post_14,0.0,0.0,0.0,0.0,0.0,0.0,0.0,0.0
83,7Networks_LH_DorsAttn_Post_15,0.0,0.0,-7.440680753887936e-05,-0.0010838244492922334,0.0,0.0,0.0,0.0
84,7Networks_LH_DorsAttn_Post_16,0.0,0.0,-7.128945211521708e-05,-0.00011315055263157074,0.0,0.0,0.0,0.0
85,7Networks_LH_DorsAttn_Post_17,0.0,0.0,0.0,0.0,0.0,0.0,0.0,0.0
86,7Networks_LH_DorsAttn_FEF_1,-0.032322570798581286,-0.10736338593457871,0.028485413705412712,-0.013817607529925073,0.13248331977236988,0.025776591738761682,-0.020729905039483434,-0.21704411064779391
87,7Networks_LH_DorsAttn_FEF_2,0.08541337349979139,-0.10470697019317664,-0.02487105258730704,-0.012298654758845768,0.02853963981396676,-0.08052776006181901,-0.04761681030667414,-0.08242944137126973
88,7Networks_LH_DorsAttn_FEF_3,-0.018393158182145763,0.009553982034740244,0.03276700664771678,0.05958164087822335,0.19061579598257175,-0.11006823538068253,-0.10603451161560687,-0.0003680255179106755
89,7Networks_LH_DorsAttn_FEF_4,0.04740834303540519,-0.04333085938088316,-0.022283874802170762,-0.0579062220605891,-0.01968049072593921,0.009886523893755016,-0.009729598606365906,-0.06070769849867722
90,7Networks_LH_DorsAttn_PrCv_1,0.04410521912411087,0.0019741833002924858,-0.03683084247079093,-0.0865627344204062,-0.0007529236914467861,-0.02205163558402027,-0.07332604183680874,0.05630070991563494
91,7Networks_LH_DorsAttn_PrCv_2,-0.0855108873761483,-0.07347922955846621,-0.05508428645882645,0.015394155291700098,0.08399984984757178,0.023318862292314547,0.009617989142871883,-0.12596368005723305
92,7Networks_LH_SalVentAttn_ParOper_1,0.0171647171679357,-0.03451219291215943,-0.03960267269903511,0.02759392048270053,-0.12188487806435942,-0.06498555299287137,-0.015408603943066437,0.0632768318395767
93,7Networks_LH_SalVentAttn_ParOper_2,0.0,0.0,-0.003035756302437276,-0.011954104316587598,0.0,0.0,0.0,0.0
94,7Networks_LH_SalVentAttn_ParOper_3,0.022149092333499716,-0.02252971803838456,0.020887167241594326,-0.10485042044732759,0.007379388460327709,-0.03145784716757517,-0.03699649803971172,0.015504206925945938
95,7Networks_LH_SalVentAttn_ParOper_4,0.0,0.0,-0.026631853357752304,-0.02073385959403698,0.0,0.0,0.0,0.0
96,7Networks_LH_SalVentAttn_TempOcc_1,0.0,0.0,-0.01870662886605565,0.0026865524187802995,0.0,0.0,0.0,0.0
97,7Networks_LH_SalVentAttn_FrOperIns_1,-0.0037916330788902997,-0.017858312343163617,-0.005115104009746574,0.03923873956773605,0.003248400054872036,-0.01681230586136735,-0.013281516700953944,0.1033949895529986
98,7Networks_LH_SalVentAttn_FrOperIns_2,0.04271615549999945,0.00038873181504820234,0.002842579225776095,0.0727401569519148,-0.00218148031939594,-0.023667822537536527,0.035128258951572254,0.0992910870779965
99,7Networks_LH_SalVentAttn_FrOperIns_3,0.010251491814259734,-0.016454372355395045,-0.015472381802648405,-0.10636153320583383,0.0,-0.0005482646944369468,0.0334123666318627,-0.03028455806366749
100,7Networks_LH_SalVentAttn_FrOperIns_4,0.06338363360534881,-0.02590513862127358,-0.023910111196144012,0.08678256226579525,0.004633977139388329,0.060041319105385155,0.03125197167875586,-0.040051016477789254
101,7Networks_LH_SalVentAttn_FrOperIns_5,-0.020222691247474445,-0.034130190548284284,-0.008369805195266701,0.01375631491470996,0.0,-0.032601669008512836,-0.020156543693694236,0.006757965365328724
102,7Networks_LH_SalVentAttn_FrOperIns_6,-0.0035078375825179802,-0.015424740704024447,0.028355008402387697,0.04697496427623872,0.0,-0.056559390495113174,-0.08159528393568702,-0.038895857043206784
103,7Networks_LH_SalVentAttn_FrOperIns_7,0.028698948166611327,0.04571652055276534,0.01603477110370418,-0.023815906635642824,0.0001711220129743799,-0.007222405887003262,-0.056210739776951735,-0.0829010993723044
104,7Networks_LH_SalVentAttn_FrOperIns_8,0.07106345094615352,-0.11475208280723935,0.11294728765346075,-0.024546479378729186,-0.07250952765645235,-0.04973207855082252,0.10288441681768745,0.06658625195250577
105,7Networks_LH_SalVentAttn_FrOperIns_9,0.0012877504633095616,-0.11334290286362832,0.03901014612085682,-0.007528222068035216,0.04073335877682937,0.035573204312585587,0.033283301641098925,-0.08124371376406657
106,7Networks_LH_SalVentAttn_PFCl_1,0.008059734584091873,-0.060529756268684856,-0.006458888730992273,-0.018959179466998693,0.0,-0.015841080235698086,-0.023487132785567005,-0.005369531897843251
107,7Networks_LH_SalVentAttn_Med_1,0.006970176073726147,0.04235667386729697,-0.013032453116675323,0.1315074228355558,0.0,-0.06875847400638967,-0.07779962147392365,0.05141788601733134
108,7Networks_LH_SalVentAttn_Med_2,0.03928364198639922,0.0052962603696755,0.0002556591408751306,0.04328129073708052,0.0,-0.14570924014744482,-0.14867127383819648,0.049732986689711524
109,7Networks_LH_SalVentAttn_Med_3,0.06948804286356172,0.07764859192420041,-0.034491155282129024,0.0036118601919593713,-0.05445790002326461,-0.03489722056403785,-0.06572276402552048,0.15177793370943898
110,7Networks_LH_SalVentAttn_Med_4,0.0516405385193912,0.031784181790177,-0.06725050301156732,-0.042954263710144026,0.0,-0.06217217138530277,-0.034437614480506924,-0.005294549508535818
111,7Networks_LH_SalVentAttn_Med_5,-0.07458359301988564,0.061395191486675556,0.03475289424671119,-0.012331590315527491,0.16139587113637419,-0.09497146138290721,-0.10319224495597776,0.19094822074597081
112,7Networks_LH_SalVentAttn_Med_6,-0.001323184293227565,0.005209564823995937,0.05011829201346467,-0.11766801962275403,-0.001638413880409215,-0.007304423552959756,-0.002830979498949918,-0.0006875804177036991
113,7Networks_LH_SalVentAttn_Med_7,0.04747795029891248,-0.0515185291902965,0.0998435129209799,0.08986430858146806,-0.013424146355226122,-0.06711302379510184,-0.09638942475805337,0.12545383368972046
114,7Networks_LH_Limbic_OFC_1,0.042379041517570146,-0.08308816250635152,0.002608845693510031,0.015023642816413737,0.0,0.0011831193291925422,-0.001740339070931595,-0.00019341616040310708
115,7Networks_LH_Limbic_OFC_2,-0.0026335659097746324,0.007703948967452101,-0.03505919140931022,-0.019312649979082226,0.0,-0.0024817985476466354,0.016694653657277857,0.020664107205660698
116,7Networks_LH_Limbic_OFC_3,-0.002702117335069196,0.001989781290200694,1.9057712331669904e-06,6.959450289903639e-05,0.0,0.007099033303318485,0.008590138520516185,-0.002557404546416125
117,7Networks_LH_Limbic_OFC_4,-0.018438698280380594,-0.006542763211265472,0.0,0.0,0.0,-0.008169814918516418,-0.002427490368004768,0.0007744375444639663
118,7Networks_LH_Limbic_OFC_5,-0.007401245370045344,0.046613989091312605,0.00038050154185546804,-0.0005199489889119192,0.0,-0.04274215806055536,-0.033614763478884056,0.02883709102347309
119,7Networks_LH_Limbic_TempPole_1,0.01750744759775238,-0.05360473407621984,0.027227880414174684,-0.008405578411710237,0.0,-0.004117603063468809,0.015172063234368687,-0.00567549141212389
120,7Networks_LH_Limbic_TempPole_2,-0.0037196429953088657,-0.04481599811924607,-0.02748778829510438,0.0004709775929394014,0.0,-0.019514016774209105,-0.010183876056602613,0.014675532695762614
121,7Networks_LH_Limbic_TempPole_3,-0.02230250735141056,0.037283290490610715,-0.11069857992833754,-0.05858695514043563,0.0,-0.007799857539552904,-0.023376184627074647,0.039033541743175346
122,7Networks_LH_Limbic_TempPole_4,0.011220152501576508,-0.0070683695652892595,-0.0056089514248258325,-0.043856061441299325,-2.3328785725685745e-05,-0.05270226088035064,-0.06345412416749747,0.04132581802022723
123,7Networks_LH_Limbic_TempPole_5,0.010149541705234816,0.057891809563094164,-0.014683269758296582,-0.05743779579570248,0.007038071362733343,-0.0654490124636771,-0.07299681813360726,-0.01740037104552845
124,7Networks_LH_Limbic_TempPole_6,0.020715007137821463,-0.012944507404966112,-0.012103803632523483,0.015412565042248607,0.0,-0.012527059835919788,0.002610782483217577,0.017847391645546315
125,7Networks_LH_Limbic_TempPole_7,0.04187066322458973,0.038094418265155125,-0.004333672939150464,0.006489262877574274,0.0,-0.0034377921168780444,-0.0021391534772400387,-0.00486307880419552
126,7Networks_LH_Limbic_TempPole_8,0.05379452778014988,-0.0441185075998138,-0.04888681893799171,0.0987475494054783,0.0,-0.1417394365052295,-0.08887507228378472,0.0676861333038545
127,7Networks_LH_Cont_Par_1,0.0,0.0,0.0,0.0,0.0,0.0,0.0,0.0
128,7Networks_LH_Cont_Par_2,0.0,0.0,0.0,0.0,0.0,0.0,0.0,0.0
129,7Networks_LH_Cont_Par_3,0.0,0.0,0.0,0.0,0.0,0.0,0.0,0.0
130,7Networks_LH_Cont_Par_4,0.0,0.0,-0.06207056848051581,-0.028665684143350117,0.0,0.0,0.0,0.0
131,7Networks_LH_Cont_Par_5,0.0,0.0,-0.0008094529634494619,-0.0069736053431063635,0.0,0.0,0.0,0.0
132,7Networks_LH_Cont_Par_6,-0.0124454788521781,0.003768745484420016,-0.046209480480881866,-0.12246514309339131,0.002433640077486163,-0.016235458230764804,-0.006125802494868448,0.01950828698994238
133,7Networks_LH_Cont_Temp_1,0.0,0.0,0.0,0.0,0.0,0.0,0.0,0.0
134,7Networks_LH_Cont_OFC_1,0.023869244046095594,-0.025996505567289125,0.014611972753340904,0.03818551926509704,0.0,-0.02561796095715847,0.0020164935821656133,0.05428435528395968
135,7Networks_LH_Cont_PFCl_1,-0.0036573654825059897,0.030031516365525677,0.013542679410306166,0.020686078998235366,-0.005339480658385256,-0.018429833355664366,0.005751181084742494,0.10157546446187084
136,7Networks_LH_Cont_PFCl_2,-0.008286899205970082,-0.1148286781729956,0.03975489995819783,-0.02173870305993824,-0.00847966273393203,0.0009000266950452108,-0.054826189555501614,-0.01926835242457627
137,7Networks_LH_Cont_PFCl_3,0.06031631800570919,-0.03714111420845277,-0.008033037229764044,-0.059253392483915944,0.0,0.007201125443131686,-0.0491403452019963,-0.08928685600401033
138,7Networks_LH_Cont_PFCl_4,-0.0035076818259191403,-0.06599916729093565,-0.01226616673301433,-0.005584919976379518,0.0,0.01858681459394409,-0.01666691353162929,-0.025983024347095325
139,7Networks_LH_Cont_PFCl_5,0.09276291579802971,-0.09677848861796068,-0.007359725710754263,-0.0358167978656008,0.020668737073226775,0.0327968893450155,-0.004412315660824833,-0.008455421340063793
140,7Networks_LH_Cont_PFCl_6,-0.01249175005067697,-0.009410616372352836,0.03316798166134618,0.004413928918068099,-0.0068156985041781595,-0.06061092563619997,-0.010616034014938873,0.011391978044843702
141,7Networks_LH_Cont_PFCl_7,0.025410779442009108,0.05370059468034908,-0.04703544578433298,0.010856547066124907,-0.013820323184655424,-0.0664545325349951,-0.08594942796748671,0.04780505644471544
142,7Networks_LH_Cont_PFCl_8,0.01348553678395628,0.042632238450608595,0.09810821334592029,0.09278683274692145,-0.012958590899308101,-0.0030596163660148307,-0.005430548890779838,-0.02926999051358915
143,7Networks_LH_Cont_PFCv_1,0.022575899489068737,-0.028541789998278198,0.042680058413090936,0.033408044532517944,0.0,-0.04626611106435857,0.015331902340542347,0.07453927127606308
144,7Networks_LH_Cont_pCun_1,0.0,0.0,0.0,0.0,0.0,0.0,0.0,0.0
145,7Networks_LH_Cont_pCun_2,0.0,0.0,-0.042109303758479655,-0.04000563201357368,0.0,0.0,0.0,0.0
146,7Networks_LH_Cont_Cing_1,0.09074699097416467,0.010479677109231736,-0.05693681499299904,-0.07568170903839838,0.0,-0.05452306210465821,-0.07779364404843453,0.11318829768613257
147,7Networks_LH_Cont_Cing_2,0.0833692510569678,0.03395177463961529,-0.03621741816029281,0.024075918598715412,0.0,-0.11673342157401223,-0.04516454774584674,0.2136626993240395
148,7Networks_LH_Cont_PFCmp_1,0.047302773036129814,-0.01893778230718048,0.02753979196204385,-0.06527967083343465,0.0,-0.11672575066392302,-0.0967176955632886,-0.07270143678266239
149,7Networks_LH_Default_Temp_1,0.02511082527898252,-0.06044110208610073,-0.0037484163134358824,0.01409429039437673,0.0023285145178437235,-0.002562219979055226,-0.0331646373430267,0.005809545866772532
150,7Networks_LH_Default_Temp_2,0.010446137085477534,0.055253133218033657,0.04585952111858671,-0.027168212607031207,0.0010661022331547962,-0.021736358056632224,-0.04187309439183694,0.06047332446202327
151,7Networks_LH_Default_Temp_3,0.0006972292219848575,0.0006931964676583376,0.022160524499561508,-0.021623589610871418,0.0068351740888964885,-0.000714385071188166,-0.0003860294762176647,0.0015392907990122858
152,7Networks_LH_Default_Temp_4,0.053220266608036214,0.023183479237424844,-0.09556640588961846,-0.1044339381584592,-0.0254881478973999,-0.05013767957593422,-0.01378399412349088,0.07134694373111111
153,7Networks_LH_Default_Temp_5,0.025030711558815238,-0.01740859438431806,-0.04989730353635641,-0.00112577085946351,-0.03937882266518994,-0.027632806042272706,-0.008639689211628832,0.004445709582362007
154,7Networks_LH_Default_Temp_6,0.0041411206603814395,-0.016798643701566526,-0.03392075472053183,-0.038448871269556706,-0.013962343072470946,0.01930808660048896,0.01611696826532865,0.026978273706462903
155,7Networks_LH_Default_Temp_7,-0.03694581275298741,-0.19811997050916597,-0.2004595194104624,-0.18860798779246174,0.057213197217001396,-0.10234312224367574,-0.10205915544221006,0.12359200014871151
156,7Networks_LH_Default_Temp_8,-0.009979406456397104,-0.14105713545423068,-0.1722098729420717,-0.0762661180376545,-0.15109802365500843,-0.13158471846862374,-0.02367000061260388,0.0768070520043983
157,7Networks_LH_Default_Temp_9,8.122096080327085e-05,-0.010572431091370467,-0.0489963001746588,-0.03551650960468167,0.010254488592975664,0.0179870892505204,-0.006552788784708544,0.04515237925659279
158,7Networks_LH_Default_Temp_10,0.009378031218374099,0.00858281847458702,-0.09574728331597825,-0.009759236688448771,-0.005474515114952852,-0.007088283600436674,-0.0036916957715073147,-0.003251887495453293
159,7Networks_LH_Default_Par_1,0.0,0.0,-0.007615084094880533,-0.010487664185756864,0.0,0.0,0.0,0.0
160,7Networks_LH_Default_Par_2,0.0,0.0,-0.023960350672329277,0.02129332849937946,0.0,0.0,0.0,0.0
161,7Networks_LH_Default_Par_3,0.0,0.0,0.0,0.0,0.0,0.0,0.0,0.0
162,7Networks_LH_Default_Par_4,0.0,0.0,-0.007725996614094757,-0.012764000825429986,0.0,0.0,0.0,0.0
163,7Networks_LH_Default_Par_5,0.0,0.0,6.840028181935833e-05,-0.000258519025766744,0.0,0.0,0.0,0.0
164,7Networks_LH_Default_Par_6,0.0,0.0,0.0,0.0,0.0,0.0,0.0,0.0
165,7Networks_LH_Default_Par_7,0.0,0.0,0.0,0.0,0.0,0.0,0.0,0.0
166,7Networks_LH_Default_PFC_1,-0.0031321070138808967,0.04175036769909558,-0.02366494500924161,0.0054549786209555735,0.0,0.02112992510399112,0.02875556803684357,0.04107721916845722
167,7Networks_LH_Default_PFC_2,0.003924291644142855,-0.017974286263278866,0.023493619047109584,0.0061234405417520755,0.0,-0.06649018419573272,-0.06610632030151298,-0.01871054669812219
168,7Networks_LH_Default_PFC_3,0.0005019869121345192,0.012109731400226356,-0.0050737218915627175,0.005515404155115187,0.0,-0.009554428033862446,0.00709440664777131,0.02855612251405502
169,7Networks_LH_Default_PFC_4,-0.040039542004619864,0.055151050526002526,0.004754220563729284,-0.04852186944139992,0.0,0.00545415087227232,0.037786589657767156,0.0005597638758239302
170,7Networks_LH_Default_PFC_5,-0.03246876177698259,-0.06084871760611504,-0.02471912899311547,-0.0039510341946532,0.002476054173157817,0.04423824524253727,0.05808091682506021,0.08491887597706856
171,7Networks_LH_Default_PFC_6,-0.01934015204102247,0.007007382173717342,0.01404747949584021,-0.014981619082629167,0.0,-0.008192745304783191,0.06356874847666796,-0.014710437785342402
172,7Networks_LH_Default_PFC_7,0.007136834009780231,-0.0044649180990927965,-0.037688368092360286,-0.0015732127869629274,0.016638029097083683,0.009035782997881712,0.013646004305447748,0.05035882698110655
173,7Networks_LH_Default_PFC_8,0.046855915576878786,-0.015794989232190453,0.1045040553080686,0.06916176264979819,0.0,-0.13234120295275942,-0.10146027733988305,0.04429577298776137
174,7Networks_LH_Default_PFC_9,-0.012200120922723086,0.006600496150295839,-0.008470051498317569,-0.011904076552463044,0.0,-0.07434274598941429,-0.050705224448469435,0.15099058839149868
175,7Networks_LH_Default_PFC_10,0.04299302368973613,-0.10153637100309461,0.017912602139135918,-0.018884256893965466,-0.048167119544546215,-0.02106315297798994,-0.07091341633037657,0.010254533065192813
176,7Networks_LH_Default_PFC_11,0.02001309411218582,0.06426599527590371,-0.043108767775115714,-0.06295077761504067,0.0,-0.09401341944245246,-0.11476819603340868,0.1424817817019222
177,7Networks_LH_Default_PFC_12,0.015590766017399553,-0.050355090491693386,0.0009476187782134738,-0.020965856110716476,0.0,-0.03659799585797706,-0.012012280469231237,0.0729434553721806
178,7Networks_LH_Default_PFC_13,0.02909136167533597,-0.021485853401668763,-0.10387731622504202,-0.0701916202551451,0.0,-0.03783764443038729,-0.055461348693606694,0.07293725620535066
179,7Networks_LH_Default_PFC_14,0.05521817380732608,-0.08569450759962356,0.031243952611206598,0.011189980896985358,0.0,-0.03505910102308254,-0.07626735399093056,0.08188230942441772
180,7Networks_LH_Default_PFC_15,-0.012195970401562435,-0.005183289967443421,0.009983762364440924,0.09866007340334391,0.0,-0.04531512126850136,-0.051056602521407764,-0.00035469643618036683
181,7Networks_LH_Default_PFC_16,-0.06703497481267764,-0.03960120641031365,-0.041771767409686494,0.06304253995443404,0.0,0.03130040417119767,-0.0029628235551424826,0.018306292008364235
182,7Networks_LH_Default_PFC_17,-0.005741191676961839,-0.07578085713441648,0.017830214783112953,0.029448860629209157,0.04434963485038613,-0.016998544486153438,-0.0070699011469542074,0.03479800725899559
183,7Networks_LH_Default_PFC_18,0.12023973313336928,-0.05715187411932681,-0.08470232012908302,-0.000412373046030733,0.0,0.016717737375242358,-0.03271256024250528,-0.048198995756518745
184,7Networks_LH_Default_PFC_19,-0.01883304576558275,-0.012014090518001279,0.09195636144125666,0.08784697742467372,0.0,0.07966154386335758,0.0663905415580991,-0.14321958518147293
185,7Networks_LH_Default_PFC_20,0.010396364062352186,-0.15670734475909642,0.00851965980201227,0.008280782316282704,0.0904417386312665,-0.016119399233187226,-0.06946158634805628,-0.12949541951207375
186,7Networks_LH_Default_PFC_21,-0.0034285673177237184,-0.04914134989594458,0.03307758016162552,0.09325488393037631,0.016770277614159567,0.008738443022048159,0.032023645479875996,-0.12079048719679122
187,7Networks_LH_Default_PFC_22,-0.04952838061511364,0.017672293502995397,0.03137378497842591,0.054536926887821,-0.00985271891910736,-0.018145674513020012,-0.05052684551768311,-0.05844339456214659
188,7Networks_LH_Default_PFC_23,0.059033917725560374,-0.01951808389232501,0.008118548645576908,-0.015498784872394146,0.027075661719445577,0.044063432750767254,0.017771208826184902,-0.01179909544228401
189,7Networks_LH_Default_PFC_24,0.0634124153573849,0.02340050194492838,0.10383812003594062,0.09821063223115267,-0.06152943143890556,0.04517153411309428,0.004830030019236682,-0.043620077710596346
190,7Networks_LH_Default_pCunPCC_1,0.04235813509717229,0.04387329905626497,-0.006546318598668136,-0.009738661576245379,0.012832154608553364,-0.15068532090212794,-0.1494219151177233,0.05532930157635184
191,7Networks_LH_Default_pCunPCC_2,0.01774473465257706,0.10508881611596854,0.041165803428204945,-0.015425373242340834,-0.046865244693748774,-0.13149943160290112,-0.18426783820690557,0.04889241015523306
192,7Networks_LH_Default_pCunPCC_3,0.02454401594257415,-0.003397874906659126,-0.15278249210113604,-0.14606573199294742,0.01931709105453473,-0.24046871995064195,-0.3343829011196515,0.14384066798921788
193,7Networks_LH_Default_pCunPCC_4,0.060107955759815354,-0.041116697227324146,-0.12756477262695678,-0.0386714707745359,0.17235454303756503,-0.26340756277751987,-0.2849572251025255,0.06801690727283274
194,7Networks_LH_Default_pCunPCC_5,0.0,0.0,-0.06229595834537451,-0.039814294281612504,0.0,0.0,0.0,0.0
195,7Networks_LH_Default_pCunPCC_6,-0.02593170844570354,0.03785279192689143,0.018266176999621138,-0.04365349001278422,-0.04396611425620609,-0.05865813703299862,-0.07018866944656009,0.0569506862613605
196,7Networks_LH_Default_pCunPCC_7,-0.09074109021605829,0.10272647990939855,-0.12635056197582112,-0.027177807516655175,0.1219714291776053,-0.07358035771649774,-0.08453055526962568,8.755237242933047e-07
197,7Networks_LH_Default_pCunPCC_8,0.11086539629811258,0.12242676596833849,-0.08945505830435016,0.13115313618138885,-0.14628152101989175,-0.08416566990092189,-0.07224386400461641,0.08227867093821728
198,7Networks_LH_Default_pCunPCC_9,0.002210717578866304,0.023019437897766275,0.02779368019037065,-0.012052521019191213,0.0036166269475450884,-0.09607773054715206,-0.02834603990721427,0.07119428358307162
199,7Networks_LH_Default_pCunPCC_10,0.0,0.0,-0.00817044556606561,0.011242163667619544,0.0,0.0,0.0,0.0
200,7Networks_LH_Default_pCunPCC_11,0.0014857058158309607,0.09633580858891612,0.028652079198111628,0.010909750245140227,-0.10979345583368137,-0.10157900321912448,-0.09403121345375562,0.10447807450521725
201,7Networks_RH_Vis_1,-0.003504474843212275,0.07921554319049812,0.01580991945883717,0.032189421720677264,0.40370836917571035,-0.00868263125024641,0.023067230552430606,0.24691145377166715
202,7Networks_RH_Vis_2,0.000608995136338142,0.01013491131977219,0.014958298935460955,-0.01093937645574352,0.17013265359039068,0.006227643072592228,-0.0014283740159361268,0.03802282512640983
203,7Networks_RH_Vis_3,-0.06989325731306303,0.11073405024438003,-0.07380048921310149,0.11803798656433669,0.040034467102208496,-0.0701185285121801,0.11885854882330046,0.5177374838655528
204,7Networks_RH_Vis_4,0.0,0.0,-0.11975461779349093,0.05544799159830544,0.02525652061368144,0.0,0.0,0.0
205,7Networks_RH_Vis_5,0.03787126829927068,0.018705616331532258,0.025543842842294412,0.04980888958210761,0.2707899671537929,0.09121245534656654,0.19939205259941942,0.22589433078336615
206,7Networks_RH_Vis_6,-0.07643064296533984,0.07846833400989092,-0.012707326964660478,0.09823900190212073,0.3542631443279485,0.04381182600734054,0.08822105106852589,0.1418689977057198
207,7Networks_RH_Vis_7,-0.07285480350317093,-0.18216027306184043,-0.01963656379616466,-0.025911477938160114,0.1410013466349403,0.05105816807049009,-0.027592264881450976,-0.12968965496562807
209,7Networks_RH_Vis_9,-0.0005936880603721597,0.0015553834874764264,-0.009288920472601355,0.02562570906655273,0.011009120331631693,0.0,0.0,0.0
211,7Networks_RH_Vis_11,-0.004074123946742879,-0.001921249549249532,-0.039420934566469105,-0.060295298974475976,0.08145890309026947,-0.0014005695659391306,-0.027266795936695957,0.021704156602801825
212,7Networks_RH_Vis_12,0.037132608358908276,-0.046831458158433044,-0.026255773989524115,-0.0625952482314168,0.3906826519556844,-0.015972431255671413,0.013530759103084286,0.023978309327395742
214,7Networks_RH_Vis_14,0.13323821108683928,-0.011802686341135344,0.03554043730005078,0.0018661149019705485,0.15617495323597716,-0.0933080577482294,-0.09463947940173952,-0.1210940704108268
216,7Networks_RH_Vis_16,0.0,0.0,-0.04149482010009428,-0.012505550782543378,0.0,0.0,0.0,0.0
217,7Networks_RH_Vis_17,0.04325618677471716,0.10226988287449076,-0.23514023597437533,-0.18149415352956283,0.18992455803621758,-0.2306543937687726,-0.21812543626715938,0.04843135117764839
219,7Networks_RH_Vis_19,0.0072154658406607215,-0.004923540144084604,-0.07183322075677984,-0.06567985833784283,0.010060005008808675,0.006455175564881482,0.003333417010819254,-0.011838974869392949
220,7Networks_RH_Vis_20,0.048708205614588225,0.06851812527390817,-0.07650128191732801,0.000982134057713362,0.22171981618429223,-0.04140091155593594,-0.1028102585923237,-0.20009311223379336
222,7Networks_RH_Vis_22,0.0,0.0,-2.5390449228771724e-06,-2.6099769230816305e-06,0.0,0.0,0.0,0.0
224,7Networks_RH_Vis_24,0.02645544126506531,0.010342496246156931,-0.020140679505492674,0.12986693307721464,0.019229259589749238,7.241169603632471e-05,-0.015853948251926042,-0.002106161901977507
225,7Networks_RH_Vis_25,0.0,0.0,-0.005233827380564164,0.003078844472199578,0.0,0.0,0.0,0.0
226,7Networks_RH_Vis_26,0.0,0.0,0.0,0.0,0.0,0.0,0.0,0.0
227,7Networks_RH_Vis_27,0.0,0.0,-0.0019387126034932343,-0.014253373524562756,0.0,0.0,0.0,0.0
228,7Networks_RH_Vis_28,0.0,0.0,-0.001037680339049245,-0.0005194644898704322,0.0,0.0,0.0,0.0
229,7Networks_RH_Vis_29,0.0,0.0,0.0,0.0,0.0,0.0,0.0,0.0
230,7Networks_RH_Vis_30,0.0,0.0,-0.0001607868743530654,3.6732447461797555e-05,0.0,0.0,0.0,0.0
231,7Networks_RH_SomMot_1,0.022886626972732218,-0.08470960340268333,-0.011026557203409011,0.0793594218491805,-0.08326640780532922,-0.08373207986230226,-0.013356793759507327,0.10504519413476954
232,7Networks_RH_SomMot_2,0.05760433155520962,-0.006209947096005885,-0.13877236495110473,-0.03040807290400302,0.05843746500020778,0.06424110285770246,0.045820802580269555,0.04483698036068331
233,7Networks_RH_SomMot_3,0.11670283899037123,-0.06364529507326162,0.0739766681925791,0.053046974937243106,-0.056759603755514663,0.025237847481386477,0.00033327431528724563,0.026291557821406773
234,7Networks_RH_SomMot_4,0.020371990068880505,-0.11024583861817164,-0.06898446752097001,-0.003347988241717925,-0.025796285386827662,-0.011963502217919506,-0.03520807595991641,0.06652325500791223
235,7Networks_RH_SomMot_5,-0.047024100232156606,-0.061422093542770145,-0.0009986309280840928,0.06694620240661266,-0.041113714196648624,-0.06628029306426758,0.005256778622779067,0.05209804301583864
236,7Networks_RH_SomMot_6,-0.12281204122109375,-0.10217575491923167,-0.06866334585994259,0.0680809472733923,-0.10471147008655793,0.05148703649589528,0.010969456672980134,-0.03516991347616234
237,7Networks_RH_SomMot_7,0.06872891292139287,0.07553943261059065,-0.15387351126551177,0.008724062023923656,-0.10309547890709009,-0.017582686404465687,-0.04897829119609338,0.07548771505225671
238,7Networks_RH_SomMot_8,0.019815574130677555,0.02735484189587861,-0.19658834010030773,-0.008435392745981552,-0.018119258732704695,0.007314786804329194,-0.0009456920989579559,0.01171431897536122
239,7Networks_RH_SomMot_9,0.08475957382826341,-0.029908655758620614,0.051276623215285165,0.011791864256522957,-0.1482184538374232,-0.09818665814248333,0.026781032425889455,0.020021106229642354
240,7Networks_RH_SomMot_10,0.005605712660537467,0.06274813178425286,0.009344914545854966,-0.04627902003175201,-0.09335862607027662,-0.1380007283003411,-0.07995599623657874,0.09060173055018797
241,7Networks_RH_SomMot_11,0.054471999791431566,-0.13968796367072953,-0.04518358512088048,-0.05081711226942397,-0.038624327145255884,-0.11818912055530204,-0.07167534447676202,0.12718228101016057
242,7Networks_RH_SomMot_12,-0.005166207219124001,-0.058413477895537774,0.24260905767810614,0.17134489346563891,-0.03348934385518463,0.04967516821050486,0.020146370437520475,0.045188361341334166
243,7Networks_RH_SomMot_13,-0.07776216462622454,-0.0007323410606333687,-0.04870809077365715,0.0046077963010764415,-0.008726540344111897,-0.14213565321972257,-0.11862774651359628,0.010958949689477407
244,7Networks_RH_SomMot_14,0.056688369742205626,-0.028567061904534886,-0.05127393816232304,0.03398748901613717,-0.16122364204589135,-0.11307859407926474,0.007253651647486641,0.051927750802870036
245,7Networks_RH_SomMot_15,-0.011106048926060963,-0.0908772922727251,0.08008983052852292,-0.0635114935988759,0.08645018045948509,0.08922768233233026,-0.05134547164198011,-0.04661455890550755
246,7Networks_RH_SomMot_16,-0.07473857453023437,-0.10072450355232973,0.09712203366004041,-0.10417470155512087,-0.07669599010077263,-0.1318101134876137,-0.12192480047108041,0.0967707860278768
247,7Networks_RH_SomMot_17,0.039769834249859914,-0.06262174301219689,-0.11290194252750312,-0.13111202629176275,-0.1988760897572487,-0.08470976862092118,-0.021337493058548485,0.1601014298506232
248,7Networks_RH_SomMot_18,-0.02609583810326452,-0.0812698676087431,-0.03193310739002992,-0.06135410494569092,0.08715917687671913,-0.13999097655289838,0.010732103448703467,0.11231135309237096
249,7Networks_RH_SomMot_19,-0.09938488182566471,-0.19610317601994995,0.08496243978771283,-0.1622386148063562,-0.00318851301837203,-0.13496319848851593,0.03863779364980327,0.001273517975283611
250,7Networks_RH_SomMot_20,0.18229882549867701,-0.0982330072825467,-0.0731992556440029,-0.015363435848041227,-0.019068598175203007,-0.1519136339343603,-0.0883980278843684,-0.009737160072425763
251,7Networks_RH_SomMot_21,0.00436838751526334,-0.08716542247539194,0.06668311231780501,-0.14099165800181365,0.07925370530438583,-0.041466929649533794,0.03725670409937189,0.041660123107036595
252,7Networks_RH_SomMot_22,0.08006228743625138,-0.07738321851052497,0.12345533567489288,-0.19097479518690924,0.23183253119964528,-0.08026892144276777,-0.061456886853663885,0.06308748376718082
253,7Networks_RH_SomMot_23,-0.0018670925798435366,-0.01205770161123045,-0.07433612566264797,-0.2326083422175819,-0.014489412548080567,-0.012102632389794435,0.0016143037981143401,0.00698980204700943
254,7Networks_RH_SomMot_24,0.030714655826205927,-0.09773720061564699,0.013309881508956827,0.014045810965352014,-0.024238928594292164,-0.10449430094380131,-0.11981466281894171,0.11506762502254306
255,7Networks_RH_SomMot_25,0.060019994958128584,-0.045990232133798624,0.07650847970906649,-0.14331406085697043,0.08141945241242986,0.07177291556246697,0.05901057481693944,0.024557457005609327
256,7Networks_RH_SomMot_26,0.058569475252619074,-0.010109045329047347,0.06078183758883719,-0.13320527693734982,-0.0003464761378032934,-0.04912194563901907,-0.08159885794737948,0.03353096680336749
257,7Networks_RH_SomMot_27,-0.0007120136294391129,0.009595312666823412,-0.03096666749135673,-0.09204022085120143,-0.0452449464106134,0.006339778366324666,0.00022307654412893148,0.009626431311327186
258,7Networks_RH_SomMot_28,0.0,0.0,0.019655349848254285,-0.061918337417996884,0.0,0.0,0.0,0.0
259,7Networks_RH_SomMot_29,0.004858189084197182,-0.013212858047551426,-0.022622737555437148,-0.03276411437603707,0.025201748014485794,-0.05087353100711974,-0.0996303249883958,0.07164672375000652
260,7Networks_RH_SomMot_30,-0.08147912689310033,0.0056927734032679285,-0.06216797277546995,-0.10213103766837027,-0.055121053280432285,-0.11098675453481271,-0.11594168436134011,0.19474003952756436
261,7Networks_RH_SomMot_31,0.01713931112119383,-0.0002301933543719383,-0.016005670391442888,-0.17165410589722943,-0.10217585051622317,-0.14035005182610685,-0.12461598317588674,0.10506834127813724
262,7Networks_RH_SomMot_32,-0.0020071737309719654,0.0032435724438142632,-0.016198832261458174,-0.08575254986673915,0.0,0.0,0.0,0.0
263,7Networks_RH_SomMot_33,-0.0022938703343774497,0.04195107152155332,0.0026606091913812502,-0.03555107166230232,-0.09178672097135014,-0.042760364703436415,-0.0054685264609558755,0.04485754976362995
264,7Networks_RH_SomMot_34,0.01243737414163553,-0.013589113773146675,-0.09006860330099066,0.0031048169102933123,0.003783240724923247,-0.09301934147774542,-0.0673269954523845,0.035905260466418024
265,7Networks_RH_SomMot_35,0.0,0.0,0.03976955685626577,-0.08173709534637538,0.0,0.0,0.0,0.0
266,7Networks_RH_SomMot_36,0.011859733230361097,-0.010358897166262412,0.01599503173471523,-0.057488395347247895,-0.13986163577897842,-0.02852548887463415,-0.06192920869918829,0.08763445248681317
267,7Networks_RH_SomMot_37,0.0,0.0,0.0,0.0,0.0,0.0,0.0,0.0
268,7Networks_RH_SomMot_38,0.0,0.0,-0.019055216877254914,-0.05308706504632611,0.0,0.003987882867713884,0.0009790148176898846,0.0015057671621355707
269,7Networks_RH_SomMot_39,0.0212884388564017,-0.0036743131884992525,0.038745315802508604,-0.07938367034233997,-0.02555811120159674,-0.02636881170156818,-0.003913613126906973,0.014580882323168268
270,7Networks_RH_SomMot_40,0.0,0.0,-0.014523355346737486,0.008007079362869263,0.0,0.0,0.0,0.0
271,7Networks_RH_DorsAttn_Post_1,-0.0018530823385049652,0.03816216108297203,-0.01487953707788606,0.07234360516747218,0.07232042237035179,-0.006824902642151922,0.028110039111969257,0.07766249346844327
272,7Networks_RH_DorsAttn_Post_2,0.0,0.0,-0.014227736993610811,0.022382861317930533,0.0,0.0,0.0,0.0
273,7Networks_RH_DorsAttn_Post_3,0.0068552244700632,0.011660682578694145,-0.019507989945086363,-0.021189510685599662,0.016142578235587235,0.0008091126515899064,0.0005657220130446572,-0.001533930833047291
274,7Networks_RH_DorsAttn_Post_4,0.0,0.0,0.0,0.0,0.0,0.0,0.0,0.0
275,7Networks_RH_DorsAttn_Post_5,0.0,0.0,0.029660447469511783,0.0015946529476268058,0.0,0.0,0.0,0.0
276,7Networks_RH_DorsAttn_Post_6,-0.04342930411963951,0.024082958268055454,0.023153427293465482,-0.1735441770414966,-0.03570404657091838,-0.09487493015493308,-0.02861397808266124,0.11499413835212315
277,7Networks_RH_DorsAttn_Post_7,0.0,0.0,0.0,0.0,0.0,0.0,0.0,0.0
278,7Networks_RH_DorsAttn_Post_8,-0.03140288073470006,0.004791582310714453,-0.014050638719278793,-0.1645096098686007,-0.11301824243433546,-0.11487460430739944,-0.02710353438955739,0.17702097848292356
279,7Networks_RH_DorsAttn_Post_9,0.1004357661234463,-0.11185937086962697,0.03171225794716914,-0.24891836827372757,0.028617160614194795,-0.10250019277196015,0.04669452168252949,0.13560401082083318
280,7Networks_RH_DorsAttn_Post_10,0.0,0.0,-0.008318346891559457,-0.012912440900319412,0.0,0.0,0.0,0.0
281,7Networks_RH_DorsAttn_Post_11,0.000594867596728661,0.03312308993323005,0.03171349334819335,-0.08987509430683209,-0.04091061025183611,-0.03978075611817082,-0.01647612908277972,0.12358516731245144
282,7Networks_RH_DorsAttn_Post_12,0.0,0.0,-0.0010978483188172532,0.0037528360337793277,0.0,0.0,0.0,0.0
283,7Networks_RH_DorsAttn_Post_13,0.004469372831462395,-0.002502575011125633,-0.03457753885955927,-0.09067910759443683,-0.01662639107377756,-0.04126406237699225,-0.07099373190619407,0.20139599073589556
284,7Networks_RH_DorsAttn_Post_14,0.0018914813112134838,-4.9502232503207545e-05,0.020762608472507882,-0.0738606785830673,-0.0006708247790394439,0.001808784105286183,0.0027342294779212893,0.0012864676173755852
285,7Networks_RH_DorsAttn_Post_15,0.0,0.0,0.0001876918189728741,-0.00011480746648771346,0.0,0.0,0.0,0.0
286,7Networks_RH_DorsAttn_Post_16,0.0,0.0,-0.01964219998012542,-0.008677535650748022,0.0,0.0,0.0,0.0
287,7Networks_RH_DorsAttn_Post_17,0.0,0.0,0.007966108506556428,0.020556957447243965,0.0,0.0,0.0,0.0
288,7Networks_RH_DorsAttn_Post_18,0.0,0.0,0.0,0.0,0.0,0.0,0.0,0.0
289,7Networks_RH_DorsAttn_Post_19,0.0,0.0,-0.0032332543782441995,-0.0021996525894911563,0.0,0.0,0.0,0.0
290,7Networks_RH_DorsAttn_FEF_1,0.014828201475027449,-0.04610549893547496,0.023018737228738595,-0.08428246132671108,0.018680105394501035,-0.14948101694491658,-0.13726401261885432,0.0176181263357736
291,7Networks_RH_DorsAttn_FEF_2,0.07621665964085299,0.029175941306841032,-0.05301859568631202,0.012284405199997133,-0.002144813650540362,-0.10144814918050377,-0.0561671523415002,-0.005373680587085387
292,7Networks_RH_DorsAttn_FEF_3,0.012055970667346661,-0.07412677023148016,0.07890428532312266,-0.06117327702213749,-0.13216049556206233,-0.013774835235250103,0.04113842079901929,0.030823842047595185
293,7Networks_RH_DorsAttn_PrCv_1,0.054084010749250136,-0.04505861123968364,-0.006963180783653614,-0.06344176779637395,0.004088108791345575,0.00881906850921042,0.012139159150667177,0.12082338126302404
294,7Networks_RH_SalVentAttn_TempOccPar_1,-0.0003186346932512815,0.018938758077680088,-0.0694240722022798,-0.048903412135655716,0.007018485237829021,0.002066412323811015,0.0003859307433738083,-5.0178619071108395e-05
295,7Networks_RH_SalVentAttn_TempOccPar_2,0.13694609983716732,0.08622869392274879,-0.0849688016566618,-0.10811400825612229,0.1183871650153798,0.0038133085629222198,-0.07562153021437833,0.011090035509439006
296,7Networks_RH_SalVentAttn_TempOccPar_3,0.024007930445426186,-0.0018783436668698493,-0.04199099593026875,0.025625580662442034,-0.006898401025457186,-0.01078239917646886,-0.0010808731629975484,0.014168246173396815
297,7Networks_RH_SalVentAttn_TempOccPar_4,0.04290410119661178,0.0206912451109701,-0.05995179492940955,0.037275111123921796,-0.06864101941188597,-0.15342814708532992,-0.09257420940699042,0.19900430665422514
298,7Networks_RH_SalVentAttn_TempOccPar_5,-0.013069575295495094,0.040790521597708386,-0.06407892298318256,-0.04186119563245943,-0.08878723440805115,-0.14316637561718448,-0.048240922920964394,0.18225073688656956
299,7Networks_RH_SalVentAttn_TempOccPar_6,-0.009555533768332639,0.0007992070781312236,-0.09253945275397674,-0.08429405082228165,-0.00817547375936301,-0.009955845606260273,5.6188856186319135e-06,0.014630391098120633
300,7Networks_RH_SalVentAttn_TempOccPar_7,0.0,0.0,0.008615772333902526,-0.016258433003458955,0.0,0.0,0.0,0.0
301,7Networks_RH_SalVentAttn_PrC_1,-0.012770835376830266,-0.1428828794298444,0.002243479212409343,-0.0021237908251010127,0.17849526991936746,-0.12109582969530998,-0.1241646849802212,0.13913433868472824
302,7Networks_RH_SalVentAttn_FrOperIns_1,0.01054109303386786,-0.03098539009965145,-0.03623053745865651,0.017113106676474425,-0.015548347690300135,-0.03541425452289837,-0.013277519431584287,0.08885881862575441
303,7Networks_RH_SalVentAttn_FrOperIns_2,0.035645330421477675,0.037862550322007284,0.009555501119935444,-0.005408184666355903,-0.004077431220316027,0.05603198251706332,0.044976798804195126,0.008915845332827804
304,7Networks_RH_SalVentAttn_FrOperIns_3,0.0583786443195223,-0.04811091199352198,0.032183007912481604,-0.003857583372038008,-0.022215317853104523,0.02595749912445977,0.08318947549345247,-0.055024592017537316
305,7Networks_RH_SalVentAttn_FrOperIns_4,0.030076679618693616,0.00902110776566106,-0.024578330043974955,0.04357759290666995,-0.0021322711927852793,-0.09358826347663268,-0.018067964383483154,0.12342871400052864
306,7Networks_RH_SalVentAttn_FrOperIns_5,0.13979275112613213,-0.08526665288523888,-0.08064129591629622,-0.05256880011016942,0.001122996915156954,0.003812141864441098,0.026137822583416997,0.0053308849694906025
307,7Networks_RH_SalVentAttn_FrOperIns_6,0.02427314290701336,0.024295776119971697,0.005595710603646128,0.03999230765448128,0.0,0.07319990335334395,0.15277446928761296,0.030714761443134096
308,7Networks_RH_SalVentAttn_FrOperIns_7,0.13857168146170146,-0.07780476077733482,0.08632155679414927,0.10262168054166218,-0.08278158363238244,-0.07551963745927462,-0.0372151190899364,-0.05796032244938408
309,7Networks_RH_SalVentAttn_FrOperIns_8,0.10918047772421759,-0.019576251978976774,0.03677138564771188,0.010053226767195157,-0.0996465060217911,-0.05681220847545774,-0.012815073456639719,0.10518727318060547
310,7Networks_RH_SalVentAttn_PFCl_1,0.041602981509716454,-0.0746184688932813,0.0629624566395738,0.025581633489127144,0.012440062270217161,0.051418110135067654,-0.004254485758098933,-0.010431843575893806
311,7Networks_RH_SalVentAttn_Med_1,-0.0039036121908900575,-0.021229511822350427,0.019112348627608147,0.05569970237401529,0.0,-0.008682574739888128,0.008968075618373832,-0.05016249898918859
312,7Networks_RH_SalVentAttn_Med_2,0.06433643780063097,-0.027494303508457774,-0.01800324386522292,0.00657136153937176,0.0,-0.057484143457299214,-0.04605579961595925,0.08666203865608356
313,7Networks_RH_SalVentAttn_Med_3,0.10307585206011691,0.10106316895498475,-0.06297341587309864,0.026304125342522924,0.004521088039214081,-0.1442914203721321,-0.17411063378193387,0.16173646050432028
314,7Networks_RH_SalVentAttn_Med_4,0.10743614948027076,-0.04012656936316239,0.010654719462902605,-0.03336146283310035,0.0,0.027922419365606528,-0.011246117745003599,-0.05069340193419333
315,7Networks_RH_SalVentAttn_Med_5,-0.03128323812240687,0.07129115586419804,0.008551211190756592,-0.0643897709295673,0.034611386716222534,-0.14342809616564176,-0.173809877755598,0.13195337640235008
316,7Networks_RH_SalVentAttn_Med_6,0.09741408249574783,0.05614551966887895,-0.031866126253033734,-0.15703451635181806,-0.011229363185715532,-0.13979955598880744,-0.24770065106697559,0.2573987979128729
317,7Networks_RH_SalVentAttn_Med_7,0.06719606035802374,-0.022366434035643458,0.11542347855117349,0.05332432829488138,-0.0012350557322170644,-0.06032770419465926,-0.02695487062958376,0.1426775833532055
318,7Networks_RH_SalVentAttn_Med_8,0.015436071827280103,0.024946988906012848,0.058835655661532656,-0.027411053193500266,-0.11076226941309869,-0.09766538855037651,-0.09963105230883229,0.0856056782003725
319,7Networks_RH_Limbic_OFC_1,-0.007583435673503297,0.030953994608621617,-0.0020830949193981216,0.011788801769751424,0.0,0.004096201221494239,0.003953167018506045,-0.004946490841322258
320,7Networks_RH_Limbic_OFC_2,0.09044168829996982,-0.017122276848275983,-0.007435502261048312,-0.002541796444244749,0.0,-0.060745527332743084,-0.05037921310769271,0.005833762626488746
321,7Networks_RH_Limbic_OFC_3,0.004570857907600005,-0.003086607180909134,0.0,0.0,0.0,-0.0011956413846649636,-0.0021671386585775804,0.0007731124336683153
322,7Networks_RH_Limbic_OFC_4,-0.017269237086610687,-0.07176219241647566,-0.0005063983498144613,0.012259021019666368,0.0,0.00773104338161303,-0.020571604847921792,0.007201438820374314
323,7Networks_RH_Limbic_OFC_5,0.0054620320489568094,0.008243083194600103,0.0,0.0,0.0,-0.0004155574125868979,0.000662679202388352,-0.00018377024705178253
324,7Networks_RH_Limbic_OFC_6,-0.026158809799350518,0.021644955049850978,0.0,0.0,0.0,0.0035330432680590698,-0.015607035420240814,-0.019260257370964002
325,7Networks_RH_Limbic_TempPole_1,0.026166300829198352,0.02156155928211838,-0.004280635016983302,0.018540176730999017,0.0,-0.004245464852390942,0.0015886895888209901,-0.01605018563670068
326,7Networks_RH_Limbic_TempPole_2,-0.002638232484641697,0.015345736443444235,-0.025245733837227877,-0.0112582726240517,0.0,-0.03319196560199892,-0.01517892392053904,0.009097970505415066
327,7Networks_RH_Limbic_TempPole_3,0.004141893549192999,-0.0044153453314022435,0.002340540278803658,0.0002730205186919586,0.0,-0.006403795406222343,-0.00912881997917351,-0.00891408608370536
328,7Networks_RH_Limbic_TempPole_4,0.019362712289221946,0.0009184454630655537,-0.0435926320119035,-0.100411926256369,0.02755991336262634,0.03256511888365724,-0.03766621672259635,0.05587170507288245
329,7Networks_RH_Limbic_TempPole_5,-0.014502997654840784,0.0508369982918192,-0.014898234047704208,0.004466723141882044,0.0,-0.03242798465387216,-0.02089531711559672,0.0397187334156156
330,7Networks_RH_Limbic_TempPole_6,0.015683843802461923,0.04063211402246153,-0.003180921277723824,0.030656552076001865,0.17883455419889938,0.028442659182474017,0.016014689161926013,0.11356780720597835
331,7Networks_RH_Limbic_TempPole_7,0.0635803436008323,-0.07338177268564888,0.017062949840132353,-0.00910760884695035,0.0,-0.05009785650231086,-0.00938191853703991,-0.039544621024682265
332,7Networks_RH_Cont_Par_1,0.0,0.0,-3.373840233174766e-05,-0.0012139611709408643,0.0,0.0,0.0,0.0
333,7Networks_RH_Cont_Par_2,0.0,0.0,0.01605454395081598,-0.048793267164434544,0.0,0.0,0.0,0.0
334,7Networks_RH_Cont_Par_3,0.0,0.0,0.0,0.0,0.0,0.0,0.0,0.0
335,7Networks_RH_Cont_Par_4,-0.0011304104995263464,-0.0007437775024822449,0.01855294895846988,-0.13025509157057152,-0.001136955698621244,0.0,0.0,0.0
336,7Networks_RH_Cont_Par_5,0.0,0.0,-0.04038074620630905,-0.15339948935733935,0.0,0.0,0.0,0.0
337,7Networks_RH_Cont_Par_6,0.0,0.0,-0.03192409137054076,-0.021790790424262903,0.0,0.0,0.0,0.0
338,7Networks_RH_Cont_Temp_1,0.0004897469461041515,0.005220790308016817,0.024772589730467417,-0.03124166857526365,0.03689069332315842,0.005212867234494941,0.003762229168207759,0.009696927593074608
339,7Networks_RH_Cont_Temp_2,0.0,0.0,-0.02771670250911698,0.010227548889628558,0.0,0.0,0.0,0.0
340,7Networks_RH_Cont_PFCv_1,-0.0673557070068834,0.025456495834033754,-0.009487253583487884,0.03472449609171788,0.0,0.035272080889574974,0.050140710633346124,-0.0034894272284431435
341,7Networks_RH_Cont_PFCl_1,-0.051492344890113964,-0.012420647018348541,-0.0015047521028226781,-0.004452370410122317,0.0,-0.002663839467523952,-0.013716377196469183,-0.0008189803893830153
342,7Networks_RH_Cont_PFCl_2,0.027747797900019577,0.008619130890014946,0.028140581297718296,0.04947796902725761,-0.003641583265562076,0.0041329777673366295,0.018682290986936623,0.09663551279351468
343,7Networks_RH_Cont_PFCl_3,0.046090760819274317,-0.009381717415806606,0.0016423660231065923,0.009546297025648224,0.0,-0.05398926893830701,-0.04383134139976405,0.006562580959120565
344,7Networks_RH_Cont_PFCl_4,0.07554473410936266,-0.0681412104825269,0.05773727645927961,0.07902080258040856,-0.06828768301851604,-0.11712801006466024,0.004594711297375961,0.13332088880106552
345,7Networks_RH_Cont_PFCl_5,0.023601939507562193,-0.06124682220330213,-0.08519873055031905,0.0025460105888776025,0.0030656259571212605,-0.01649321548396001,-0.04849931268069668,0.011767455553741014
346,7Networks_RH_Cont_PFCl_6,-0.004396839001059641,-0.08695442982028191,0.027178587388913454,-0.07718218264839592,0.022254943988374333,0.036677061895207655,0.055968861953851624,-0.016749239529068344
347,7Networks_RH_Cont_PFCl_7,-0.01054610458043961,0.0020190218068231788,0.04236166802834298,-0.05036615845268676,-0.009969015935741054,-0.030046200614539154,-0.07051344126408238,0.08336707814114379
348,7Networks_RH_Cont_PFCl_8,0.000675432623750767,0.05082925660277952,0.0019911162167248883,-0.0050587760066510955,0.0,0.022917988986345166,0.0047001999387787895,0.013530938632927354
349,7Networks_RH_Cont_PFCl_9,0.03818189036978828,-0.05296123112549901,-0.015130596334353649,-0.04938881829995689,0.0020608150679519775,0.016991087470553744,-0.028643667840260182,0.04873144601637924
350,7Networks_RH_Cont_PFCl_10,0.001074380927141891,-0.04373813386402317,-0.01894651869707332,-0.0439327241093643,0.017222166596968222,-0.04280618645282368,-0.09008479448876482,0.09121730037345878
351,7Networks_RH_Cont_PFCl_11,0.013448833803672136,-0.12575468536485762,0.07071631850584204,0.020045240819842245,-0.01252941127245625,0.009776787450799828,-0.02892315945833818,0.02642116141210004
352,7Networks_RH_Cont_PFCl_12,0.012724956328037945,-0.058557594936280474,0.06293262017860524,-0.02797149158474148,0.002608703862335268,-0.05580454990636875,-0.08916184385061052,0.08488527346247186
353,7Networks_RH_Cont_PFCl_13,0.03375133712095959,-0.06922810697234441,0.10258434308791653,0.0464672495148831,-0.13504059959560777,-0.08316212255937173,-0.04143247395278454,-0.1232818306677088
354,7Networks_RH_Cont_PFCl_14,0.028145489060265358,0.029723112969363183,0.046851323082509375,0.08167527092876056,-0.02024948654152625,-0.0639074643063309,-0.03591396506173915,-0.05023458785871367
355,7Networks_RH_Cont_PFCl_15,0.02690067871234866,-0.029957947355283704,-0.028312813572368506,-0.05994812360956448,-0.026860214053025744,-0.13270564585905825,-0.12196048633141833,-0.03804149064516931
356,7Networks_RH_Cont_pCun_1,0.0,0.0,-0.006587491380846889,0.04681631732855897,0.0,0.0,0.0,0.0
357,7Networks_RH_Cont_pCun_2,0.0,0.0,-0.013725349962515773,0.0682267836609017,0.0,0.0,0.0,0.0
358,7Networks_RH_Cont_Cing_1,0.11364275302494997,0.12295236016186696,-0.17739985668356867,-0.0028701570492399775,0.018190580598362115,-0.10356109874201534,-0.20391433122804037,0.1531235022470355
359,7Networks_RH_Cont_Cing_2,0.10515913992238933,0.04401649568236271,0.0011296773757690202,-0.16746207397135526,0.0,-0.2303651974229746,-0.1485727920686451,0.1132663793898817
360,7Networks_RH_Cont_PFCmp_1,-0.028999962070583005,-0.03145913341355153,-0.03149363289393828,-0.054972712282883786,0.0,-0.11535165720500193,-0.11654338971944468,0.12018178553852124
361,7Networks_RH_Cont_PFCmp_2,0.07164215425532658,-0.10194693440007428,0.002050158067357651,-0.052703716770763166,0.0,0.006882277301437458,0.005686072598396575,-0.13978809559786828
362,7Networks_RH_Default_Par_1,0.0014888394755657895,0.06866270274295629,-0.01393915917068476,0.062373085366991605,-0.049851300903894766,-0.049890296058603435,-0.05709593372880297,0.05061387559573269
363,7Networks_RH_Default_Par_2,0.0,0.0,-0.035668964221352184,0.01510419883600305,0.0,0.0,0.0,0.0
364,7Networks_RH_Default_Par_3,-0.0001980620998520035,0.006523007711580208,-0.048305599826310316,0.0007199353954018915,0.008822755810913739,0.0017716375959886087,0.00040331614447069596,-0.0005833804070412576
365,7Networks_RH_Default_Par_4,-0.005143466448656605,-0.0022753835655748844,-0.008703054110991877,-0.09684603648828641,-0.007609178693269071,-0.0016669149500619473,0.0010995667600122636,0.000717325885100721
366,7Networks_RH_Default_Par_5,0.0,0.0,0.0005910467812072911,0.000474990590966357,0.0,0.0,0.0,0.0
367,7Networks_RH_Default_Temp_1,-0.004390198132375989,0.00372126950268549,0.009307852123994521,0.007117808258154775,0.007228822158526093,-0.011489727408942682,-0.012305025644706223,0.027328726621768013
368,7Networks_RH_Default_Temp_2,0.03546882127964698,-0.015224841551324097,0.04086687743298262,-0.030752499714557235,0.09654574628162786,-0.044788504061593466,-0.025526834853407118,0.08547271911505785
369,7Networks_RH_Default_Temp_3,0.004833096163951852,-0.0068028852782454,0.01703684752382406,-0.009771079721484575,-0.01326993879645948,0.024845104235306645,0.030145420429165647,-0.020881440700418426
370,7Networks_RH_Default_Temp_4,0.015015350405258355,-0.030424974822932653,0.008915608582218827,-0.025142485324090805,0.02353575373814855,-0.04222543357336887,-0.027438241937525556,0.08806460159463012
371,7Networks_RH_Default_Temp_5,0.03524755612981458,0.001077398879945287,-0.13356224272130401,-0.04883423819180569,0.00630622866249358,0.023243370662688657,0.029599078540180734,0.08847728228537041
372,7Networks_RH_Default_Temp_6,-0.11012867097811335,-0.016637207507429756,0.03050992138656404,-0.012610510635011665,-0.10585027708233717,0.040844431783154826,0.1239688216284027,0.16349252273246426
373,7Networks_RH_Default_Temp_7,-0.010014128576956395,0.022733382423739422,-0.03659034459372467,-0.03287972129139325,0.017263875825024692,-0.005107621176327092,-0.0014304326936261818,0.018029533280156506
374,7Networks_RH_Default_Temp_8,0.03051670124135983,-0.038329895368195296,-0.035839070963790826,0.02469624825197544,-0.0007648609566792274,0.07070220961445937,-0.030454185531175706,0.019536072292955356
375,7Networks_RH_Default_PFCv_1,0.018158268914268347,-0.04847316795505548,-0.0513832575735777,-0.05077511751308534,0.0,-0.008190358801558698,-0.005336459155367692,0.06969372074773678
376,7Networks_RH_Default_PFCv_2,0.0671582841205626,-0.08681260582757713,0.021721719760696617,0.07712369057478043,0.0,0.011525694049539167,-0.01611163682795656,0.011356108571002674
377,7Networks_RH_Default_PFCv_3,-0.00394072580885778,-0.042703871013255644,-0.036307723334262375,0.03742146501313651,-0.09202384375248546,-0.10986909970282065,-0.05167039751494348,0.10030333321078666
378,7Networks_RH_Default_PFCv_4,0.046788123856262805,-0.014149235239627616,0.1634139564520819,0.06816225221365509,-0.0033525783668304247,-0.027247379786289685,-0.06348206774135562,0.04252577705157031
379,7Networks_RH_Default_PFCdPFCm_1,-0.019115844880351562,0.06258731057537319,0.021962189905955515,-0.006302715209934417,0.0,-0.029814128504618058,-0.03480735886665179,0.061383473191740395
380,7Networks_RH_Default_PFCdPFCm_2,-0.02163567926104219,0.10173767971625189,0.024731760373593224,-0.00581590594280654,0.0,-0.053089958677905676,-0.02575915329038335,-0.009140625199028458
381,7Networks_RH_Default_PFCdPFCm_3,0.012315994175170942,-0.02620514643166275,0.0016793296147686939,-0.021882934502590105,0.0,-0.022952602435048628,0.013563597846066783,0.019184968607001814
382,7Networks_RH_Default_PFCdPFCm_4,0.005570892640890862,0.007919625559842694,-0.01209253017292886,0.046413232351736826,0.0,-0.09645284266483033,-0.07755181641321898,0.09562118086733225
383,7Networks_RH_Default_PFCdPFCm_5,0.019589640580174622,-0.017911130572974415,-0.02472123565825049,-0.014532735350885742,0.0,0.006007052746801848,0.039463115800113205,0.01751526576163614
384,7Networks_RH_Default_PFCdPFCm_6,0.06530977154057227,-0.04482242319453999,0.008947601512389007,0.023053289023885322,0.0,0.001053882030509707,-0.00662662637835285,-0.006895485302153238
385,7Networks_RH_Default_PFCdPFCm_7,0.006956290069357729,0.030604149153593163,-0.026515409364406675,0.04892456355412456,0.0,-0.09592909088353159,-0.11683985916649452,0.13853793434700717
386,7Networks_RH_Default_PFCdPFCm_8,0.009393382590053298,0.05641523187812826,0.03074494805902148,0.06651942588395944,0.0,-0.0019049485177489956,-0.007221310513468317,-0.01004430000021232
387,7Networks_RH_Default_PFCdPFCm_9,0.017959339252720592,-0.02732790820986359,-0.01653114164260821,-0.055286908700885574,0.0,-0.03808093166725453,-0.07808215786021667,0.039115736100102785
388,7Networks_RH_Default_PFCdPFCm_10,0.01927640210425323,0.03983506074564595,-0.0046845427269464335,0.05826386314387335,0.0,-0.05820779140562986,-0.06500923031790443,0.055967005148405254
389,7Networks_RH_Default_PFCdPFCm_11,0.03644775537779626,-0.016653236737841293,-0.048960234239968016,0.06155452727316178,0.0,-0.040578949862753726,-0.07033517064074085,0.06000972221122033
390,7Networks_RH_Default_PFCdPFCm_12,0.03052454141965299,-0.03975325254871502,0.05920605401524083,-0.005467420929147792,0.008264810042945962,-0.05178155214985294,-0.06997428905283175,-0.02383555182819819
391,7Networks_RH_Default_PFCdPFCm_13,0.0013476916749435841,-0.06996105915727965,-0.05783827959072092,0.0037534843950005805,-0.005466250029789433,0.020562744929424767,-0.04923977010694523,-0.004733157963570569
392,7Networks_RH_Default_pCunPCC_1,0.04090099997892646,0.0351551129622797,-0.07765696954906548,-0.11865661460602352,0.004124369315993128,-0.1612814178769384,-0.20714932628670313,0.019754868200609246
393,7Networks_RH_Default_pCunPCC_2,0.30495007293282356,-0.06640678190160543,-0.20021278447954735,-0.1830112977876468,0.20113965484676305,-0.2805926569003974,-0.39628636087672126,0.28478704020380974
394,7Networks_RH_Default_pCunPCC_3,0.0,0.0,-0.04587044658038596,0.11434736453428031,0.0,0.0,0.0,0.0
395,7Networks_RH_Default_pCunPCC_4,0.02406233919743083,0.007043023075476126,-0.2477990294570202,-0.16990748134124706,-0.004596227679163728,-0.10992423840200041,-0.10492550267662412,0.14182627084302335
396,7Networks_RH_Default_pCunPCC_5,0.0,0.0,-0.026583216887524887,0.10470118533641282,0.0,0.0,0.0,0.0
397,7Networks_RH_Default_pCunPCC_6,0.13248972827757943,0.021558636225896273,-0.0926552394954938,0.07747546566361634,0.06419014504139336,-0.25270435084782444,-0.3064978769265451,0.37359209437313073
398,7Networks_RH_Default_pCunPCC_7,0.1022387814342712,0.024427338077505554,-0.11737646673914402,-0.04041028447663322,-0.016826132785564833,-0.16768687701195634,-0.04799969369523868,0.21137340580879851
399,7Networks_RH_Default_pCunPCC_8,0.0080363085504803,0.09214221981876507,-0.057917769958560426,0.05509422581711012,-0.03495785620563278,-0.11033284356022571,-0.16594209384354877,0.15919682165925822
400,7Networks_RH_Default_pCunPCC_9,-0.0007949217793240969,0.008874726495728867,0.06433002020588817,0.16287172327085533,-0.006319438898702695,-0.05473803985058929,-0.05120680253573372,0.07607301282315501
